{"0 fold train": {"loss": 0.3398935007197516}, "0 fold val": {"loss": 0.39269883185625076}, "0 fold learning_rate": 1.1398895185373134e-06, "_timestamp": 1684386433.7724562, "_runtime": 1076.2508981227875, "_step": 1075, "1 fold train": {"loss": 0.34161296486854553}, "1 fold val": {"loss": 0.4266011640429497}, "1 fold learning_rate": 1.6284135979104478e-06, "2 fold train": {"loss": 0.35430761745997835}, "2 fold val": {"loss": 0.42216508835554123}, "2 fold learning_rate": 3.323293056960098e-06, "3 fold train": {"loss": 0.3490767776966095}, "3 fold val": {"loss": 0.3994209095835686}, "3 fold learning_rate": 2.8247524899999994e-05, "4 fold train": {"loss": 0.3325388239962714}, "4 fold val": {"loss": 0.40363629907369614}, "4 fold learning_rate": 7.979226629761193e-07, "_wandb": {"runtime": 1076}}