{"0 fold train": {"loss": 0.1047242246568203}, "0 fold val": {"loss": 0.7674681544303894}, "0 fold learning_rate": 0.0034222802945777777, "_timestamp": 1684834796, "_runtime": 758, "_step": 457, "1 fold train": {"loss": 0.15273148034300124}, "1 fold val": {"loss": 0.6760547906160355}, "1 fold learning_rate": 0.00339901675985381, "2 fold train": {"loss": 0.11058181524276733}, "2 fold val": {"loss": 0.6941243410110474}, "2 fold learning_rate": 0.003769228309743107, "3 fold train": {"loss": 0.125203475356102}, "3 fold val": {"loss": 0.7236580401659012}, "3 fold learning_rate": 0.00418105123417154, "4 fold train": {"loss": 0.14465137092130526}, "4 fold val": {"loss": 0.6195369213819504}, "4 fold learning_rate": 0.00305403597631678, "_wandb": {"runtime": 761}}