{"0 fold train": {"loss": 0.3805619946547917}, "0 fold val": {"loss": 0.3964063674211502}, "0 fold learning_rate": 3.323293056960098e-06, "_timestamp": 1684654922, "_runtime": 1478, "_step": 1123, "1 fold train": {"loss": 0.47079767499651226}, "1 fold val": {"loss": 0.6968604922294617}, "1 fold learning_rate": 0.00011764899999999998, "2 fold train": {"loss": 0.36308747104236055}, "2 fold val": {"loss": 0.39710603654384613}, "2 fold learning_rate": 1.3841287200999995e-05, "3 fold train": {"loss": 0.36798466954912457}, "3 fold val": {"loss": 0.4062652736902237}, "3 fold learning_rate": 1.9773267429999995e-05, "4 fold train": {"loss": 0.3592949169022696}, "4 fold val": {"loss": 0.3827720582485199}, "4 fold learning_rate": 3.9098210485829847e-07, "_wandb": {"runtime": 1480}}