{"0 fold train": {"loss": 0.40050201756613596}, "0 fold val": {"loss": 0.3918648064136505}, "0 fold learning_rate": 2.736874734008089e-07, "_timestamp": 1684735690, "_runtime": 1147, "_step": 1136, "1 fold train": {"loss": 0.3922866242272513}, "1 fold val": {"loss": 0.40994926542043686}, "1 fold learning_rate": 2.3263051398720685e-06, "2 fold train": {"loss": 0.39465183445385527}, "2 fold val": {"loss": 0.4211120307445526}, "2 fold learning_rate": 4.747561509942998e-06, "3 fold train": {"loss": 0.3796040969235556}, "3 fold val": {"loss": 0.3817310407757759}, "3 fold learning_rate": 7.979226629761193e-07, "4 fold train": {"loss": 0.37256939496312824}, "4 fold val": {"loss": 0.397770494222641}, "4 fold learning_rate": 2.8247524899999994e-05, "_wandb": {"runtime": 1150}}