{"0 fold train": {"loss": 0.3549511858395168}, "0 fold val": {"loss": 0.3784474581480026}, "0 fold learning_rate": 3.9098210485829847e-07, "_timestamp": 1684659959, "_runtime": 1958, "_step": 1470, "1 fold train": {"loss": 0.3616832196712494}, "1 fold val": {"loss": 0.3926871120929718}, "1 fold learning_rate": 3.323293056960098e-06, "2 fold train": {"loss": 0.35012321387018475}, "2 fold val": {"loss": 0.39302851259708405}, "2 fold learning_rate": 1.3841287200999995e-05, "3 fold train": {"loss": 0.3620403621877943}, "3 fold val": {"loss": 0.3828154057264328}, "3 fold learning_rate": 7.979226629761193e-07, "4 fold train": {"loss": 0.3844458247934069}, "4 fold val": {"loss": 0.3934808671474457}, "4 fold learning_rate": 3.9098210485829847e-07, "_wandb": {"runtime": 1960}}