{"0 fold train": {"loss": 0.24844232095139368}, "0 fold val": {"loss": 0.4743465557694435}, "0 fold learning_rate": 0.002108246567854658, "_timestamp": 1684833703, "_runtime": 786, "_step": 485, "1 fold train": {"loss": 0.25217490643262863}, "1 fold val": {"loss": 0.4373801276087761}, "1 fold learning_rate": 0.0022419794641897087, "2 fold train": {"loss": 0.2380585851413863}, "2 fold val": {"loss": 0.42711371928453445}, "2 fold learning_rate": 0.0023586445176560435, "3 fold train": {"loss": 0.24686762690544128}, "3 fold val": {"loss": 0.48470626026391983}, "3 fold learning_rate": 0.002620198706268147, "4 fold train": {"loss": 0.24269855128867285}, "4 fold val": {"loss": 0.4709005057811737}, "4 fold learning_rate": 0.0021807649140641095, "_wandb": {"runtime": 789}}