{"0 fold train": {"loss": 0.3470850501741682}, "0 fold val": {"loss": 0.3781602829694748}, "0 fold learning_rate": 4.747561509942998e-06, "_timestamp": 1684655190, "_runtime": 1722, "_step": 1314, "1 fold train": {"loss": 0.347010429416384}, "1 fold val": {"loss": 0.39665836095809937}, "1 fold learning_rate": 7.979226629761193e-07, "2 fold train": {"loss": 0.3476420130048479}, "2 fold val": {"loss": 0.3799612522125244}, "2 fold learning_rate": 9.688901040699997e-06, "3 fold train": {"loss": 0.3488852381706238}, "3 fold val": {"loss": 0.37296390533447266}, "3 fold learning_rate": 1.3841287200999995e-05, "4 fold train": {"loss": 0.3472689815929958}, "4 fold val": {"loss": 0.39127346873283386}, "4 fold learning_rate": 4.747561509942998e-06, "_wandb": {"runtime": 1724}}