{"0 fold train": {"loss": 0.2571168318390846}, "0 fold val": {"loss": 0.4906821474432945}, "0 fold learning_rate": 0.00289000325005278, "_timestamp": 1684764291, "_runtime": 657, "_step": 478, "1 fold train": {"loss": 0.3375652049268995}, "1 fold val": {"loss": 0.7106504291296005}, "1 fold learning_rate": 0.0032715538741722706, "2 fold train": {"loss": 0.23307526324476516}, "2 fold val": {"loss": 0.6148359477519989}, "2 fold learning_rate": 0.0029064867497287693, "3 fold train": {"loss": 0.22621710492031916}, "3 fold val": {"loss": 0.9881220310926437}, "3 fold learning_rate": 0.0027398073056809605, "4 fold train": {"loss": 0.25813996472529005}, "4 fold val": {"loss": 0.6224978864192963}, "4 fold learning_rate": 0.003796531285354496, "_wandb": {"runtime": 659}}