{"0 fold train": {"loss": 0.4277214791093554}, "0 fold val": {"loss": 46.03402519226074}, "0 fold learning_rate": 0.08700317786372261, "_timestamp": 1684834819, "_runtime": 776, "_step": 467, "1 fold train": {"loss": 0.10734430860195841}, "1 fold val": {"loss": 1.003445714712143}, "1 fold learning_rate": 0.004443068918767571, "2 fold train": {"loss": 0.12301884698016304}, "2 fold val": {"loss": 0.5855164155364037}, "2 fold learning_rate": 0.0036435376014404, "3 fold train": {"loss": 0.22012466085808619}, "3 fold val": {"loss": 1.367559015750885}, "3 fold learning_rate": 0.007608864803035558, "4 fold train": {"loss": 0.1323984233396394}, "4 fold val": {"loss": 0.7502564489841461}, "4 fold learning_rate": 0.004327502181656659, "_wandb": {"runtime": 778}}