{"0 fold train": {"loss": 0.33363212432180134}, "0 fold val": {"loss": 0.37255336344242096}, "0 fold learning_rate": 1.9773267429999995e-05, "_timestamp": 1684664891, "_runtime": 1395, "_step": 1052, "1 fold train": {"loss": 0.3542868878160204}, "1 fold val": {"loss": 0.3977816700935364}, "1 fold learning_rate": 2.3263051398720685e-06, "2 fold train": {"loss": 0.35873462898390635}, "2 fold val": {"loss": 0.3981110230088234}, "2 fold learning_rate": 2.3263051398720685e-06, "3 fold train": {"loss": 0.3593763751643045}, "3 fold val": {"loss": 0.38547515124082565}, "3 fold learning_rate": 7.979226629761193e-07, "4 fold train": {"loss": 0.3371797097580774}, "4 fold val": {"loss": 0.37696681916713715}, "4 fold learning_rate": 1.3841287200999995e-05, "_wandb": {"runtime": 1397}}