{"0 fold train": {"loss": 0.36462039394038065}, "0 fold val": {"loss": 0.38376491516828537}, "0 fold learning_rate": 4.747561509942998e-06, "_timestamp": 1684389988.0959063, "_runtime": 1443.5726692676544, "_step": 1112, "1 fold train": {"loss": 0.3724811609302248}, "1 fold val": {"loss": 0.40096931904554367}, "1 fold learning_rate": 2.3263051398720685e-06, "2 fold train": {"loss": 0.3628080061503819}, "2 fold val": {"loss": 0.3988173380494118}, "2 fold learning_rate": 1.9773267429999995e-05, "3 fold train": {"loss": 0.36271325605256216}, "3 fold val": {"loss": 0.38890643417835236}, "3 fold learning_rate": 1.6284135979104478e-06, "4 fold train": {"loss": 0.3580916864531381}, "4 fold val": {"loss": 0.39683958888053894}, "4 fold learning_rate": 7.979226629761193e-07, "_wandb": {"runtime": 1444}}