{"0 fold train": {"loss": 0.24274151772260666}, "0 fold val": {"loss": 0.5115154311060905}, "0 fold learning_rate": 0.0023162052428800615, "_timestamp": 1684764294, "_runtime": 661, "_step": 486, "1 fold train": {"loss": 0.25908086768218447}, "1 fold val": {"loss": 1.0010805577039719}, "1 fold learning_rate": 0.002744418870931119, "2 fold train": {"loss": 0.2453217910868781}, "2 fold val": {"loss": 0.5355287045240402}, "2 fold learning_rate": 0.003115668052803725, "3 fold train": {"loss": 0.2572035544684955}, "3 fold val": {"loss": 0.5009919330477715}, "3 fold learning_rate": 0.002461327578866482, "4 fold train": {"loss": 0.24158395507505961}, "4 fold val": {"loss": 0.5237618610262871}, "4 fold learning_rate": 0.002661862644127757, "_wandb": {"runtime": 664}}