{"0 fold train": {"loss": 0.3392390842948641}, "0 fold val": {"loss": 0.3737862631678581}, "0 fold learning_rate": 1.9773267429999995e-05, "_timestamp": 1684382810.9733324, "_runtime": 913.6196134090424, "_step": 853, "1 fold train": {"loss": 0.3426828661135265}, "1 fold val": {"loss": 0.4252154603600502}, "1 fold learning_rate": 1.3841287200999995e-05, "2 fold train": {"loss": 0.34515589475631714}, "2 fold val": {"loss": 0.41346026957035065}, "2 fold learning_rate": 8.235429999999999e-05, "3 fold train": {"loss": 0.3453686258622578}, "3 fold val": {"loss": 0.40479495376348495}, "3 fold learning_rate": 3.323293056960098e-06, "4 fold train": {"loss": 0.34191887293543133}, "4 fold val": {"loss": 0.39752157777547836}, "4 fold learning_rate": 2.8247524899999994e-05, "_wandb": {"runtime": 914}}