{"0 fold train": {"loss": 0.3557153769901821}, "0 fold val": {"loss": 0.35918303579092026}, "0 fold learning_rate": 6.782230728489997e-06, "_timestamp": 1684740659, "_runtime": 1383, "_step": 1285, "1 fold train": {"loss": 0.3853266345603125}, "1 fold val": {"loss": 0.3893199786543846}, "1 fold learning_rate": 1.9158123138056623e-07, "2 fold train": {"loss": 0.356071691427912}, "2 fold val": {"loss": 0.3903133496642113}, "2 fold learning_rate": 9.387480337647744e-08, "3 fold train": {"loss": 0.37068988595690044}, "3 fold val": {"loss": 0.3851497396826744}, "3 fold learning_rate": 3.323293056960098e-06, "4 fold train": {"loss": 0.3691815031426294}, "4 fold val": {"loss": 0.3873550668358803}, "4 fold learning_rate": 1.6284135979104478e-06, "_wandb": {"runtime": 1385}}