{"0 fold train": {"loss": 0.3345212084906442}, "0 fold val": {"loss": 0.39524413645267487}, "0 fold learning_rate": 2.3263051398720685e-06, "_timestamp": 1684662480, "_runtime": 1618, "_step": 1206, "1 fold train": {"loss": 0.4721384772232601}, "1 fold val": {"loss": 0.7142902612686157}, "1 fold learning_rate": 0.00011764899999999998, "2 fold train": {"loss": 0.3802512798990522}, "2 fold val": {"loss": 0.4030870497226715}, "2 fold learning_rate": 6.57123623635342e-08, "3 fold train": {"loss": 0.37221873658043997}, "3 fold val": {"loss": 0.4008317291736603}, "3 fold learning_rate": 1.6284135979104478e-06, "4 fold train": {"loss": 0.35488920552389963}, "4 fold val": {"loss": 0.37913937866687775}, "4 fold learning_rate": 9.688901040699997e-06, "_wandb": {"runtime": 1620}}