{"0 fold train": {"loss": 0.24582650193146297}, "0 fold val": {"loss": 0.5400298684835434}, "0 fold learning_rate": 0.002452302631828189, "_timestamp": 1684833694, "_runtime": 774, "_step": 477, "1 fold train": {"loss": 0.2553627012031419}, "1 fold val": {"loss": 0.5466834306716919}, "1 fold learning_rate": 0.0026126580490533264, "2 fold train": {"loss": 0.23711495101451874}, "2 fold val": {"loss": 0.4802393913269043}, "2 fold learning_rate": 0.0022281740489281717, "3 fold train": {"loss": 0.22185253351926804}, "3 fold val": {"loss": 0.5270048528909683}, "3 fold learning_rate": 0.0023522494502577936, "4 fold train": {"loss": 0.2507821928177561}, "4 fold val": {"loss": 0.42614901065826416}, "4 fold learning_rate": 0.0022635985977143055, "_wandb": {"runtime": 778}}