{"0 fold train": {"loss": 0.3555419785635812}, "0 fold val": {"loss": 0.38031068444252014}, "0 fold learning_rate": 3.323293056960098e-06, "_timestamp": 1684659969, "_runtime": 1962, "_step": 1521, "1 fold train": {"loss": 0.35106612529073444}, "1 fold val": {"loss": 0.4042530804872513}, "1 fold learning_rate": 9.688901040699997e-06, "2 fold train": {"loss": 0.36477563210896086}, "2 fold val": {"loss": 0.3937121480703354}, "2 fold learning_rate": 1.6284135979104478e-06, "3 fold train": {"loss": 0.3805065793650491}, "3 fold val": {"loss": 0.38665907084941864}, "3 fold learning_rate": 2.3263051398720685e-06, "4 fold train": {"loss": 0.40084801827158245}, "4 fold val": {"loss": 0.4134826958179474}, "4 fold learning_rate": 3.219905755813175e-08, "_wandb": {"runtime": 1964}}