{"0 fold train": {"loss": 0.36005865037441254}, "0 fold val": {"loss": 0.37710900604724884}, "0 fold learning_rate": 2.8247524899999994e-05, "_timestamp": 1684397570.7179472, "_runtime": 1338.9413633346558, "_step": 1080, "1 fold train": {"loss": 0.37067083162920816}, "1 fold val": {"loss": 0.4103160575032234}, "1 fold learning_rate": 2.8247524899999994e-05, "2 fold train": {"loss": 0.3525081809077944}, "2 fold val": {"loss": 0.4010881707072258}, "2 fold learning_rate": 1.1398895185373134e-06, "3 fold train": {"loss": 0.38062197821480886}, "3 fold val": {"loss": 0.39565708488225937}, "3 fold learning_rate": 5.585458640832835e-07, "4 fold train": {"loss": 0.36979493498802185}, "4 fold val": {"loss": 0.40501269698143005}, "4 fold learning_rate": 3.323293056960098e-06, "_wandb": {"runtime": 1339}}