{"0 fold train": {"loss": 0.1676907411643437}, "0 fold val": {"loss": 0.6137279570102692}, "0 fold learning_rate": 0.003116329359724373, "_timestamp": 1684830668, "_runtime": 727, "_step": 488, "1 fold train": {"loss": 0.3026515149644443}, "1 fold val": {"loss": 0.6832348257303238}, "1 fold learning_rate": 0.010736244387796521, "2 fold train": {"loss": 0.19161476514169148}, "2 fold val": {"loss": 0.5936464741826057}, "2 fold learning_rate": 0.003231585634246469, "3 fold train": {"loss": 0.17614472870315825}, "3 fold val": {"loss": 1.015643909573555}, "3 fold learning_rate": 0.003594466854707897, "4 fold train": {"loss": 0.16995001584291458}, "4 fold val": {"loss": 0.61810402572155}, "4 fold learning_rate": 0.0032236053226672116, "_wandb": {"runtime": 729}}