{"0 fold train": {"loss": 0.2552529445716313}, "0 fold val": {"loss": 0.5683363825082779}, "0 fold learning_rate": 0.0020190175187859687, "_timestamp": 1684768744, "_runtime": 747, "_step": 505, "1 fold train": {"loss": 0.26667799587760654}, "1 fold val": {"loss": 0.5111586153507233}, "1 fold learning_rate": 0.0022782749771378934, "2 fold train": {"loss": 0.271525790648801}, "2 fold val": {"loss": 0.48930688202381134}, "2 fold learning_rate": 0.0023445477503538136, "3 fold train": {"loss": 0.25789553565638407}, "3 fold val": {"loss": 0.48105571419000626}, "3 fold learning_rate": 0.0024655780553389343, "4 fold train": {"loss": 0.2627012367759432}, "4 fold val": {"loss": 0.43907827883958817}, "4 fold learning_rate": 0.0021866714145254347, "_wandb": {"runtime": 750}}