{"0 fold train": {"loss": 0.23509167773383005}, "0 fold val": {"loss": 0.4614356532692909}, "0 fold learning_rate": 0.002444908712330833, "_timestamp": 1684833746, "_runtime": 825, "_step": 505, "1 fold train": {"loss": 0.2538274537239756}, "1 fold val": {"loss": 0.7092561423778534}, "1 fold learning_rate": 0.002812773315548897, "2 fold train": {"loss": 0.24952494565929687}, "2 fold val": {"loss": 0.4422587379813194}, "2 fold learning_rate": 0.0022536960928160703, "3 fold train": {"loss": 0.23880228293793543}, "3 fold val": {"loss": 0.5414760112762451}, "3 fold learning_rate": 0.0026517205682061616, "4 fold train": {"loss": 0.22801045328378677}, "4 fold val": {"loss": 0.4496132954955101}, "4 fold learning_rate": 0.00230724258207269, "_wandb": {"runtime": 827}}