{"0 fold train": {"loss": 0.14920716626303537}, "0 fold val": {"loss": 0.6919919699430466}, "0 fold learning_rate": 0.004270241838628799, "_timestamp": 1684770381, "_runtime": 773, "_step": 457, "1 fold train": {"loss": 0.13112497116838182}, "1 fold val": {"loss": 0.772738978266716}, "1 fold learning_rate": 0.0037181690974399453, "2 fold train": {"loss": 0.13338086807302066}, "2 fold val": {"loss": 0.9085971862077713}, "2 fold learning_rate": 0.0032835137990750375, "3 fold train": {"loss": 0.14761572171534812}, "3 fold val": {"loss": 0.6446014046669006}, "3 fold learning_rate": 0.006338772261358799, "4 fold train": {"loss": 0.13492229421223914}, "4 fold val": {"loss": 0.6518434584140778}, "4 fold learning_rate": 0.0038902472527064386, "_wandb": {"runtime": 776}}