{"0 fold train": {"loss": 0.26773018283503397}, "0 fold val": {"loss": 0.4403237849473953}, "0 fold learning_rate": 0.0020603997902628036, "_timestamp": 1684768739, "_runtime": 738, "_step": 489, "1 fold train": {"loss": 0.25622479404721943}, "1 fold val": {"loss": 0.515873946249485}, "1 fold learning_rate": 0.002168996057390049, "2 fold train": {"loss": 0.26401394818510326}, "2 fold val": {"loss": 0.4111308455467224}, "2 fold learning_rate": 0.0020818047962423416, "3 fold train": {"loss": 0.2693465096609933}, "3 fold val": {"loss": 0.41960497945547104}, "3 fold learning_rate": 0.0020826205894067884, "4 fold train": {"loss": 0.2675687383328165}, "4 fold val": {"loss": 0.4754551202058792}, "4 fold learning_rate": 0.002226571370562911, "_wandb": {"runtime": 741}}