{"0 fold train": {"loss": 0.2434669711760112}, "0 fold val": {"loss": 0.8052293658256531}, "0 fold learning_rate": 0.006401643953049183, "_timestamp": 1684751632, "_runtime": 788, "_step": 606, "1 fold train": {"loss": 0.3229884909732001}, "1 fold val": {"loss": 0.7045666128396988}, "1 fold learning_rate": 0.00471252310250327, "2 fold train": {"loss": 0.2643665171095303}, "2 fold val": {"loss": 0.6503038853406906}, "2 fold learning_rate": 0.002798326635228098, "3 fold train": {"loss": 0.25642864938293186}, "3 fold val": {"loss": 1.5874546468257904}, "3 fold learning_rate": 0.008993438990116119, "4 fold train": {"loss": 0.2817066524709974}, "4 fold val": {"loss": 2.14185494184494}, "4 fold learning_rate": 0.007406320708806814, "_wandb": {"runtime": 790}}