{"0 fold train": {"loss": 0.14411409412111556}, "0 fold val": {"loss": 0.684452474117279}, "0 fold learning_rate": 0.0033838416435524824, "_timestamp": 1684836055, "_runtime": 664, "_step": 470, "1 fold train": {"loss": 0.12814229567136085}, "1 fold val": {"loss": 0.6849111914634705}, "1 fold learning_rate": 0.0036863578950978816, "2 fold train": {"loss": 0.15175501895802362}, "2 fold val": {"loss": 0.7230376452207565}, "2 fold learning_rate": 0.004372097781905533, "3 fold train": {"loss": 0.3787342629262379}, "3 fold val": {"loss": 2.660850942134857}, "3 fold learning_rate": 0.027503293338459734, "4 fold train": {"loss": 0.14051040900605066}, "4 fold val": {"loss": 1.048716276884079}, "4 fold learning_rate": 0.003503500571133942, "_wandb": {"runtime": 666}}