{"0 fold train": {"loss": 0.16671483431543624}, "0 fold val": {"loss": 0.774723008275032}, "0 fold learning_rate": 0.004778942501679063, "_timestamp": 1684829408, "_runtime": 727, "_step": 454, "1 fold train": {"loss": 0.1611387176173074}, "1 fold val": {"loss": 0.8514974415302277}, "1 fold learning_rate": 0.004030059873769433, "2 fold train": {"loss": 0.130635105073452}, "2 fold val": {"loss": 1.1829765290021896}, "2 fold learning_rate": 0.0055158239288821825, "3 fold train": {"loss": 0.18182300882680075}, "3 fold val": {"loss": 0.5326734110713005}, "3 fold learning_rate": 0.0026737217636831107, "4 fold train": {"loss": 0.1427649451153619}, "4 fold val": {"loss": 0.8332594186067581}, "4 fold learning_rate": 0.004245271765484661, "_wandb": {"runtime": 730}}