{"0 fold train": {"loss": 0.2605900051338332}, "0 fold val": {"loss": 0.4452999532222748}, "0 fold learning_rate": 0.002181313681090251, "_timestamp": 1684747031, "_runtime": 703, "_step": 507, "1 fold train": {"loss": 0.26794244029692244}, "1 fold val": {"loss": 0.47274547815322876}, "1 fold learning_rate": 0.0021359456123698503, "2 fold train": {"loss": 0.26914493633168085}, "2 fold val": {"loss": 0.42863140255212784}, "2 fold learning_rate": 0.0034883510845735675, "3 fold train": {"loss": 0.26118072122335434}, "3 fold val": {"loss": 0.44477756321430206}, "3 fold learning_rate": 0.0022720997741743926, "4 fold train": {"loss": 0.25601538909333094}, "4 fold val": {"loss": 0.4379502534866333}, "4 fold learning_rate": 0.002371732486433536, "_wandb": {"runtime": 705}}