{"0 fold train": {"loss": 0.24273564560072763}, "0 fold val": {"loss": 0.5681835561990738}, "0 fold learning_rate": 0.0025140608453832567, "_timestamp": 1684831915, "_runtime": 697, "_step": 494, "1 fold train": {"loss": 0.2534699173910277}, "1 fold val": {"loss": 0.4566427320241928}, "1 fold learning_rate": 0.0023603542970463635, "2 fold train": {"loss": 0.2551281920501164}, "2 fold val": {"loss": 0.4236448332667351}, "2 fold learning_rate": 0.002593339557304606, "3 fold train": {"loss": 0.24428053625992366}, "3 fold val": {"loss": 0.4244622588157654}, "3 fold learning_rate": 0.0021588983492322267, "4 fold train": {"loss": 0.2643683361155646}, "4 fold val": {"loss": 0.4566744491457939}, "4 fold learning_rate": 0.002141329683344066, "_wandb": {"runtime": 700}}