{"0 fold train": {"loss": 0.3491395669324057}, "0 fold val": {"loss": 0.3679220825433731}, "0 fold learning_rate": 9.688901040699997e-06, "_timestamp": 1684662825, "_runtime": 1961, "_step": 1476, "1 fold train": {"loss": 0.37407669850758146}, "1 fold val": {"loss": 0.4069787859916687}, "1 fold learning_rate": 3.323293056960098e-06, "2 fold train": {"loss": 0.37965781348092215}, "2 fold val": {"loss": 0.40415269136428833}, "2 fold learning_rate": 1.3410686196639635e-07, "3 fold train": {"loss": 0.3473178446292877}, "3 fold val": {"loss": 0.3783853203058243}, "3 fold learning_rate": 1.9773267429999995e-05, "4 fold train": {"loss": 0.35494435259274076}, "4 fold val": {"loss": 0.3942449688911438}, "4 fold learning_rate": 2.736874734008089e-07, "_wandb": {"runtime": 1964}}