{"0 fold train": {"loss": 0.5702339240482875}, "0 fold val": {"loss": 0.5545519143342972}, "0 fold learning_rate": 3.323293056960098e-06, "_timestamp": 1684743650, "_runtime": 1602, "_step": 1345, "1 fold train": {"loss": 0.5296381030763898}, "1 fold val": {"loss": 0.5455225557088852}, "1 fold learning_rate": 2.3263051398720685e-06, "2 fold train": {"loss": 0.5577526688575745}, "2 fold val": {"loss": 0.558689221739769}, "2 fold learning_rate": 6.57123623635342e-08, "3 fold train": {"loss": 0.5790998084204537}, "3 fold val": {"loss": 0.5664552599191666}, "3 fold learning_rate": 1.6284135979104478e-06, "4 fold train": {"loss": 0.5599824786186218}, "4 fold val": {"loss": 0.5667736232280731}, "4 fold learning_rate": 1.1398895185373134e-06, "_wandb": {"runtime": 1605}}