{"0 fold train": {"loss": 0.3246298666511263}, "0 fold val": {"loss": 0.38781072944402695}, "0 fold learning_rate": 0.0001886557824909687, "_timestamp": 1684750249, "_runtime": 1522, "_step": 1114, "1 fold train": {"loss": 0.3157264398677008}, "1 fold val": {"loss": 0.3991076275706291}, "1 fold learning_rate": 0.00020250637829303744, "2 fold train": {"loss": 0.32424604892730713}, "2 fold val": {"loss": 0.37813762575387955}, "2 fold learning_rate": 0.0001908341720700264, "3 fold train": {"loss": 0.3396942615509033}, "3 fold val": {"loss": 0.36587341874837875}, "3 fold learning_rate": 0.0001847040355205536, "4 fold train": {"loss": 0.3225077475820269}, "4 fold val": {"loss": 0.38406724482774734}, "4 fold learning_rate": 0.000193574670702219, "_wandb": {"runtime": 1525}}