{"0 fold train": {"loss": 0.37155255462442127}, "0 fold val": {"loss": 0.385995514690876}, "0 fold learning_rate": 1.3410686196639635e-07, "_timestamp": 1684738385, "_runtime": 1497, "_step": 1331, "1 fold train": {"loss": 0.38567444894995007}, "1 fold val": {"loss": 0.39828868955373764}, "1 fold learning_rate": 2.736874734008089e-07, "2 fold train": {"loss": 0.3663209634167807}, "2 fold val": {"loss": 0.38511189818382263}, "2 fold learning_rate": 2.3263051398720685e-06, "3 fold train": {"loss": 0.3674621858767101}, "3 fold val": {"loss": 0.39824996143579483}, "3 fold learning_rate": 1.6284135979104478e-06, "4 fold train": {"loss": 0.3883631612573351}, "4 fold val": {"loss": 0.3958207666873932}, "4 fold learning_rate": 2.3263051398720685e-06, "_wandb": {"runtime": 1500}}