{"0 fold train": {"loss": 0.32223646129880634}, "0 fold val": {"loss": 0.37743960320949554}, "0 fold learning_rate": 5.764800999999999e-05, "_timestamp": 1684399409.0034568, "_runtime": 1444.4612567424774, "_step": 876, "1 fold train": {"loss": 0.31603190515722546}, "1 fold val": {"loss": 0.41910653561353683}, "1 fold learning_rate": 6.782230728489997e-06, "2 fold train": {"loss": 0.32114456381116596}, "2 fold val": {"loss": 0.4070553183555603}, "2 fold learning_rate": 2.3263051398720685e-06, "3 fold train": {"loss": 0.3267148051943098}, "3 fold val": {"loss": 0.3912147507071495}, "3 fold learning_rate": 1.3841287200999995e-05, "4 fold train": {"loss": 0.3206942507198879}, "4 fold val": {"loss": 0.40434085577726364}, "4 fold learning_rate": 1.9773267429999995e-05, "_wandb": {"runtime": 1445}}