{"0 fold train": {"loss": 0.3628126723425729}, "0 fold val": {"loss": 0.37486106157302856}, "0 fold learning_rate": 1.9773267429999995e-05, "_timestamp": 1684655514, "_runtime": 2051, "_step": 1553, "1 fold train": {"loss": 0.3761755313192095}, "1 fold val": {"loss": 0.4127586930990219}, "1 fold learning_rate": 1.1398895185373134e-06, "2 fold train": {"loss": 0.36730080417224337}, "2 fold val": {"loss": 0.40552181005477905}, "2 fold learning_rate": 3.323293056960098e-06, "3 fold train": {"loss": 0.35003015398979187}, "3 fold val": {"loss": 0.3822842240333557}, "3 fold learning_rate": 1.9158123138056623e-07, "4 fold train": {"loss": 0.35627872177532743}, "4 fold val": {"loss": 0.3909372091293335}, "4 fold learning_rate": 3.9098210485829847e-07, "_wandb": {"runtime": 2054}}