{"0 fold train": {"loss": 0.38574750082833426}, "0 fold val": {"loss": 0.39851391315460205}, "0 fold learning_rate": 7.979226629761193e-07, "_timestamp": 1684735677, "_runtime": 1136, "_step": 1104, "1 fold train": {"loss": 0.3793209855045591}, "1 fold val": {"loss": 0.4064273163676262}, "1 fold learning_rate": 1.9773267429999995e-05, "2 fold train": {"loss": 0.40046621220452444}, "2 fold val": {"loss": 0.41616636514663696}, "2 fold learning_rate": 1.1398895185373134e-06, "3 fold train": {"loss": 0.3883210633482252}, "3 fold val": {"loss": 0.4023648723959923}, "3 fold learning_rate": 6.782230728489997e-06, "4 fold train": {"loss": 0.3916149820600237}, "4 fold val": {"loss": 0.39797651767730713}, "4 fold learning_rate": 4.747561509942998e-06, "_wandb": {"runtime": 1138}}