{"0 fold train": {"loss": 0.15138862069164002}, "0 fold val": {"loss": 0.7441463023424149}, "0 fold learning_rate": 0.0029623190542541447, "_timestamp": 1684770380, "_runtime": 769, "_step": 455, "1 fold train": {"loss": 0.13980639459831373}, "1 fold val": {"loss": 0.865320473909378}, "1 fold learning_rate": 0.004155771443489194, "2 fold train": {"loss": 0.10460971189396721}, "2 fold val": {"loss": 0.7408690899610519}, "2 fold learning_rate": 0.003511007924586535, "3 fold train": {"loss": 0.13493056861417635}, "3 fold val": {"loss": 0.9138078838586807}, "3 fold learning_rate": 0.00479919364778027, "4 fold train": {"loss": 0.14221001682536943}, "4 fold val": {"loss": 0.9811248183250427}, "4 fold learning_rate": 0.0054615589128181345, "_wandb": {"runtime": 771}}