{"0 fold train": {"loss": 0.2019966659801347}, "0 fold val": {"loss": 0.5785679966211319}, "0 fold learning_rate": 0.003001818135811389, "_timestamp": 1684830670, "_runtime": 725, "_step": 479, "1 fold train": {"loss": 0.18219557723828725}, "1 fold val": {"loss": 0.727870762348175}, "1 fold learning_rate": 0.0037800641022868457, "2 fold train": {"loss": 0.15669010686022894}, "2 fold val": {"loss": 0.7109648138284683}, "2 fold learning_rate": 0.0030573013841263953, "3 fold train": {"loss": 0.17421654718262808}, "3 fold val": {"loss": 0.9124215096235275}, "3 fold learning_rate": 0.003800164375639707, "4 fold train": {"loss": 0.19976649965558732}, "4 fold val": {"loss": 0.6489018201828003}, "4 fold learning_rate": 0.0028852580227233474, "_wandb": {"runtime": 728}}