{"0 fold train": {"loss": 0.36068747086184366}, "0 fold val": {"loss": 0.39079026877880096}, "0 fold learning_rate": 4.747561509942998e-06, "_timestamp": 1684733844, "_runtime": 1568, "_step": 1177, "1 fold train": {"loss": 0.34538173036915915}, "1 fold val": {"loss": 0.40940074622631073}, "1 fold learning_rate": 6.782230728489997e-06, "2 fold train": {"loss": 0.3830828538962773}, "2 fold val": {"loss": 0.41422054171562195}, "2 fold learning_rate": 1.9158123138056623e-07, "3 fold train": {"loss": 0.37339241802692413}, "3 fold val": {"loss": 0.4192313179373741}, "3 fold learning_rate": 1.6284135979104478e-06, "4 fold train": {"loss": 0.37693186530045103}, "4 fold val": {"loss": 0.3902370557188988}, "4 fold learning_rate": 2.3263051398720685e-06, "_wandb": {"runtime": 1571}}