{"0 fold train": {"loss": 0.31778513107981}, "0 fold val": {"loss": 0.3640855848789215}, "0 fold learning_rate": 0.0001841602958738804, "_timestamp": 1684750444, "_runtime": 1714, "_step": 1269, "1 fold train": {"loss": 0.32966760652405874}, "1 fold val": {"loss": 0.4015697240829468}, "1 fold learning_rate": 0.0001944054625928402, "2 fold train": {"loss": 0.3018192776611873}, "2 fold val": {"loss": 0.3851700648665428}, "2 fold learning_rate": 0.00019481636956334114, "3 fold train": {"loss": 0.34562806359359194}, "3 fold val": {"loss": 0.38220466673374176}, "3 fold learning_rate": 0.00019222689792513847, "4 fold train": {"loss": 0.31181217091424124}, "4 fold val": {"loss": 0.3856416791677475}, "4 fold learning_rate": 0.00018893661722540854, "_wandb": {"runtime": 1717}}