{"0 fold train": {"loss": 0.3653627655335835}, "0 fold val": {"loss": 0.37174468487501144}, "0 fold learning_rate": 1.6284135979104478e-06, "_timestamp": 1684392787.2643943, "_runtime": 1229.2247173786163, "_step": 970, "1 fold train": {"loss": 0.36619373517377035}, "1 fold val": {"loss": 0.4218991920351982}, "1 fold learning_rate": 4.035360699999999e-05, "2 fold train": {"loss": 0.35878960149628775}, "2 fold val": {"loss": 0.4097886458039284}, "2 fold learning_rate": 1.3841287200999995e-05, "3 fold train": {"loss": 0.36712033833776203}, "3 fold val": {"loss": 0.38667988032102585}, "3 fold learning_rate": 4.035360699999999e-05, "4 fold train": {"loss": 0.3726190839494978}, "4 fold val": {"loss": 0.40441688895225525}, "4 fold learning_rate": 2.3263051398720685e-06, "_wandb": {"runtime": 1230}}