{"0 fold train": {"loss": 0.3093874901533127}, "0 fold val": {"loss": 0.3825313150882721}, "0 fold learning_rate": 4.747561509942998e-06, "_timestamp": 1684745625, "_runtime": 1137, "_step": 818, "1 fold train": {"loss": 0.32001536020210813}, "1 fold val": {"loss": 0.3725936785340309}, "1 fold learning_rate": 1.9773267429999995e-05, "2 fold train": {"loss": 0.3231658914259502}, "2 fold val": {"loss": 0.3746667876839638}, "2 fold learning_rate": 4.035360699999999e-05, "3 fold train": {"loss": 0.3037291850362505}, "3 fold val": {"loss": 0.40968116372823715}, "3 fold learning_rate": 5.764800999999999e-05, "4 fold train": {"loss": 0.308416839156832}, "4 fold val": {"loss": 0.3840280622243881}, "4 fold learning_rate": 2.8247524899999994e-05, "_wandb": {"runtime": 1140}}