{"0 fold train": {"loss": 0.27124607456581934}, "0 fold val": {"loss": 0.43011424690485}, "0 fold learning_rate": 0.0021407904157131914, "_timestamp": 1684768752, "_runtime": 763, "_step": 515, "1 fold train": {"loss": 0.25846750289201736}, "1 fold val": {"loss": 0.5067528560757637}, "1 fold learning_rate": 0.002216996501670033, "2 fold train": {"loss": 0.2596567166703088}, "2 fold val": {"loss": 0.43337011337280273}, "2 fold learning_rate": 0.002148076302872226, "3 fold train": {"loss": 0.27117837752614704}, "3 fold val": {"loss": 0.43315788358449936}, "3 fold learning_rate": 0.0029187329975806178, "4 fold train": {"loss": 0.2507011869124004}, "4 fold val": {"loss": 0.4223557710647583}, "4 fold learning_rate": 0.002206016877106205, "_wandb": {"runtime": 766}}