{"0 fold train": {"loss": 0.3739014970404761}, "0 fold val": {"loss": 0.3823571130633354}, "0 fold learning_rate": 3.323293056960098e-06, "_timestamp": 1684737993, "_runtime": 1102, "_step": 980, "1 fold train": {"loss": 0.3771506015743528}, "1 fold val": {"loss": 0.39407605677843094}, "1 fold learning_rate": 4.035360699999999e-05, "2 fold train": {"loss": 0.38499518590314047}, "2 fold val": {"loss": 0.4105846956372261}, "2 fold learning_rate": 1.6284135979104478e-06, "3 fold train": {"loss": 0.3726950372968401}, "3 fold val": {"loss": 0.3872854486107826}, "3 fold learning_rate": 1.9773267429999995e-05, "4 fold train": {"loss": 0.37450005965573446}, "4 fold val": {"loss": 0.38669702410697937}, "4 fold learning_rate": 4.035360699999999e-05, "_wandb": {"runtime": 1105}}