{"0 fold train": {"loss": 0.1523137167096138}, "0 fold val": {"loss": 0.6231962442398071}, "0 fold learning_rate": 0.004833765635154396, "_timestamp": 1684829440, "_runtime": 755, "_step": 473, "1 fold train": {"loss": 0.14202389759676798}, "1 fold val": {"loss": 0.7088243067264557}, "1 fold learning_rate": 0.0040077314520649615, "2 fold train": {"loss": 0.15206743138177053}, "2 fold val": {"loss": 0.7257232517004013}, "2 fold learning_rate": 0.0034533933099940425, "3 fold train": {"loss": 0.15542691946029663}, "3 fold val": {"loss": 0.8900944590568542}, "3 fold learning_rate": 0.0039651445827633145, "4 fold train": {"loss": 0.1472936315195901}, "4 fold val": {"loss": 0.6223485916852951}, "4 fold learning_rate": 0.0033294089165963234, "_wandb": {"runtime": 757}}