{"0 fold train": {"loss": 0.26827688089438845}, "0 fold val": {"loss": 0.4430561810731888}, "0 fold learning_rate": 0.002070366406765953, "_timestamp": 1684747032, "_runtime": 702, "_step": 498, "1 fold train": {"loss": 0.27794163141931805}, "1 fold val": {"loss": 0.5115422010421753}, "1 fold learning_rate": 0.0023733960726860914, "2 fold train": {"loss": 0.2572864389845303}, "2 fold val": {"loss": 0.41670452803373337}, "2 fold learning_rate": 0.002080888942781091, "3 fold train": {"loss": 0.25659441522189547}, "3 fold val": {"loss": 0.4425189644098282}, "3 fold learning_rate": 0.0022169581688161943, "4 fold train": {"loss": 0.2481129595211574}, "4 fold val": {"loss": 0.5352246314287186}, "4 fold learning_rate": 0.0022693886095128957, "_wandb": {"runtime": 705}}