{"0 fold train": {"loss": 0.3307549399988992}, "0 fold val": {"loss": 0.37375110387802124}, "0 fold learning_rate": 1.3841287200999995e-05, "_timestamp": 1684664821, "_runtime": 1320, "_step": 987, "1 fold train": {"loss": 0.33129597135952543}, "1 fold val": {"loss": 0.40956149250268936}, "1 fold learning_rate": 3.323293056960098e-06, "2 fold train": {"loss": 0.3467542699405125}, "2 fold val": {"loss": 0.3809867948293686}, "2 fold learning_rate": 2.3263051398720685e-06, "3 fold train": {"loss": 0.3476913039173399}, "3 fold val": {"loss": 0.38106051832437515}, "3 fold learning_rate": 9.688901040699997e-06, "4 fold train": {"loss": 0.3195204713514873}, "4 fold val": {"loss": 0.3868487551808357}, "4 fold learning_rate": 5.764800999999999e-05, "_wandb": {"runtime": 1323}}