{"0 fold train": {"loss": 0.25480476873261587}, "0 fold val": {"loss": 0.42313914746046066}, "0 fold learning_rate": 0.0022892387693762783, "_timestamp": 1684831896, "_runtime": 680, "_step": 479, "1 fold train": {"loss": 0.24542951370988572}, "1 fold val": {"loss": 0.4599311128258705}, "1 fold learning_rate": 0.002526012202204019, "2 fold train": {"loss": 0.25808822150741306}, "2 fold val": {"loss": 0.3997059315443039}, "2 fold learning_rate": 0.0020288074837896976, "3 fold train": {"loss": 0.2709247065441949}, "3 fold val": {"loss": 0.40651965886354446}, "3 fold learning_rate": 0.002156771676773578, "4 fold train": {"loss": 0.23569532058068685}, "4 fold val": {"loss": 0.6571969985961914}, "4 fold learning_rate": 0.002711837360764295, "_wandb": {"runtime": 683}}