{"0 fold train": {"loss": 0.339079778109278}, "0 fold val": {"loss": 0.7817958295345306}, "0 fold learning_rate": 0.0073451848360255355, "_timestamp": 1684751558, "_runtime": 711, "_step": 548, "1 fold train": {"loss": 0.3457678811890738}, "1 fold val": {"loss": 0.5431344211101532}, "1 fold learning_rate": 0.003072606809779257, "2 fold train": {"loss": 0.25870861538818907}, "2 fold val": {"loss": 0.776417925953865}, "2 fold learning_rate": 0.0032981353427737952, "3 fold train": {"loss": 0.3289477697440556}, "3 fold val": {"loss": 0.7766976058483124}, "3 fold learning_rate": 0.007223062100584806, "4 fold train": {"loss": 0.3608474625008447}, "4 fold val": {"loss": 1.9556028246879578}, "4 fold learning_rate": 0.030538963898694517, "_wandb": {"runtime": 714}}