{"0 fold train": {"loss": 0.3455583708626883}, "0 fold val": {"loss": 0.37129684537649155}, "0 fold learning_rate": 4.747561509942998e-06, "_timestamp": 1684740510, "_runtime": 1237, "_step": 1133, "1 fold train": {"loss": 0.3671084578548159}, "1 fold val": {"loss": 0.4084722772240639}, "1 fold learning_rate": 4.747561509942998e-06, "2 fold train": {"loss": 0.3639984726905823}, "2 fold val": {"loss": 0.3872231990098953}, "2 fold learning_rate": 3.9098210485829847e-07, "3 fold train": {"loss": 0.3609119547264917}, "3 fold val": {"loss": 0.3621412441134453}, "3 fold learning_rate": 5.585458640832835e-07, "4 fold train": {"loss": 0.35231856576034}, "4 fold val": {"loss": 0.3891313895583153}, "4 fold learning_rate": 4.035360699999999e-05, "_wandb": {"runtime": 1239}}