{"0 fold train": {"loss": 0.13902728046689714}, "0 fold val": {"loss": 0.6584436744451523}, "0 fold learning_rate": 0.0032967230993442244, "_timestamp": 1684770382, "_runtime": 777, "_step": 465, "1 fold train": {"loss": 0.14518910433564866}, "1 fold val": {"loss": 0.6038560569286346}, "1 fold learning_rate": 0.0032428624222457414, "2 fold train": {"loss": 0.12664126391921723}, "2 fold val": {"loss": 1.5205269157886505}, "2 fold learning_rate": 0.004120747061385215, "3 fold train": {"loss": 0.14215116841452463}, "3 fold val": {"loss": 0.5545809343457222}, "3 fold learning_rate": 0.002878628934928775, "4 fold train": {"loss": 0.12286781413214547}, "4 fold val": {"loss": 0.6922823935747147}, "4 fold learning_rate": 0.003780974703141302, "_wandb": {"runtime": 779}}