{"0 fold train": {"loss": 0.38314062144075123}, "0 fold val": {"loss": 0.3916286304593086}, "0 fold learning_rate": 2.3263051398720685e-06, "_timestamp": 1684735690, "_runtime": 1150, "_step": 1138, "1 fold train": {"loss": 0.36238972204072134}, "1 fold val": {"loss": 0.3915523961186409}, "1 fold learning_rate": 5.585458640832835e-07, "2 fold train": {"loss": 0.38519984057971407}, "2 fold val": {"loss": 0.3998565897345543}, "2 fold learning_rate": 1.3841287200999995e-05, "3 fold train": {"loss": 0.3859783262014389}, "3 fold val": {"loss": 0.3793126568198204}, "3 fold learning_rate": 4.747561509942998e-06, "4 fold train": {"loss": 0.37035875235285076}, "4 fold val": {"loss": 0.40256062150001526}, "4 fold learning_rate": 2.8247524899999994e-05, "_wandb": {"runtime": 1152}}