{"0 fold train": {"loss": 0.36612709292343687}, "0 fold val": {"loss": 0.3821462392807007}, "0 fold learning_rate": 1.1398895185373134e-06, "_timestamp": 1684738118, "_runtime": 1229, "_step": 1090, "1 fold train": {"loss": 0.36390169177736553}, "1 fold val": {"loss": 0.3943457752466202}, "1 fold learning_rate": 6.782230728489997e-06, "2 fold train": {"loss": 0.3924251049757004}, "2 fold val": {"loss": 0.3959591016173363}, "2 fold learning_rate": 6.782230728489997e-06, "3 fold train": {"loss": 0.38110929301806856}, "3 fold val": {"loss": 0.3868650197982788}, "3 fold learning_rate": 1.6284135979104478e-06, "4 fold train": {"loss": 0.36422440835407804}, "4 fold val": {"loss": 0.39713622629642487}, "4 fold learning_rate": 4.035360699999999e-05, "_wandb": {"runtime": 1230}}