{"0 fold train": {"loss": 0.35081341011183603}, "0 fold val": {"loss": 0.36604712158441544}, "0 fold learning_rate": 0.00018977105617523193, "_timestamp": 1684749991, "_runtime": 1263, "_step": 923, "1 fold train": {"loss": 0.3262174725532532}, "1 fold val": {"loss": 0.382906936109066}, "1 fold learning_rate": 0.0001905912272632122, "2 fold train": {"loss": 0.3468395343848637}, "2 fold val": {"loss": 0.37522921711206436}, "2 fold learning_rate": 0.0001912824772298336, "3 fold train": {"loss": 0.3486099349600928}, "3 fold val": {"loss": 0.3914184123277664}, "3 fold learning_rate": 0.0001923361122608185, "4 fold train": {"loss": 0.34157840268952505}, "4 fold val": {"loss": 0.3720007687807083}, "4 fold learning_rate": 0.00019088281691074371, "_wandb": {"runtime": 1266}}