{"0 fold train": {"loss": 0.3464965501001903}, "0 fold val": {"loss": 0.3744649216532707}, "0 fold learning_rate": 1.3841287200999995e-05, "_timestamp": 1684740277, "_runtime": 1003, "_step": 922, "1 fold train": {"loss": 0.3440447577408382}, "1 fold val": {"loss": 0.3863750994205475}, "1 fold learning_rate": 6.782230728489997e-06, "2 fold train": {"loss": 0.3488927717719759}, "2 fold val": {"loss": 0.3878931701183319}, "2 fold learning_rate": 1.3841287200999995e-05, "3 fold train": {"loss": 0.3649793948446001}, "3 fold val": {"loss": 0.39619724452495575}, "3 fold learning_rate": 3.323293056960098e-06, "4 fold train": {"loss": 0.3546203651598522}, "4 fold val": {"loss": 0.367390975356102}, "4 fold learning_rate": 8.235429999999999e-05, "_wandb": {"runtime": 1005}}