{"0 fold train": {"loss": 0.35778255122048513}, "0 fold val": {"loss": 0.3915371745824814}, "0 fold learning_rate": 7.979226629761193e-07, "_timestamp": 1684660019, "_runtime": 2014, "_step": 1511, "1 fold train": {"loss": 0.35369432823998587}, "1 fold val": {"loss": 0.39063647389411926}, "1 fold learning_rate": 4.747561509942998e-06, "2 fold train": {"loss": 0.37135033522333416}, "2 fold val": {"loss": 0.3942108154296875}, "2 fold learning_rate": 2.3263051398720685e-06, "3 fold train": {"loss": 0.38197525484221323}, "3 fold val": {"loss": 0.401568740606308}, "3 fold learning_rate": 5.585458640832835e-07, "4 fold train": {"loss": 0.36257672735622953}, "4 fold val": {"loss": 0.38247615098953247}, "4 fold learning_rate": 1.6284135979104478e-06, "_wandb": {"runtime": 2017}}