{"0 fold train": {"loss": 0.5268507493393761}, "0 fold val": {"loss": 0.5455464720726013}, "0 fold learning_rate": 9.688901040699997e-06, "_timestamp": 1684743523, "_runtime": 1487, "_step": 1259, "1 fold train": {"loss": 0.5321375940527234}, "1 fold val": {"loss": 0.5398550927639008}, "1 fold learning_rate": 1.1398895185373134e-06, "2 fold train": {"loss": 0.5659244358539581}, "2 fold val": {"loss": 0.5632882863283157}, "2 fold learning_rate": 2.3263051398720685e-06, "3 fold train": {"loss": 0.5384058484009334}, "3 fold val": {"loss": 0.548139289021492}, "3 fold learning_rate": 3.323293056960098e-06, "4 fold train": {"loss": 0.5605188139847347}, "4 fold val": {"loss": 0.5595892071723938}, "4 fold learning_rate": 1.1398895185373134e-06, "_wandb": {"runtime": 1489}}