{"0 fold train": {"loss": 0.1895535002861704}, "0 fold val": {"loss": 0.6622470170259476}, "0 fold learning_rate": 0.0033931443454578523, "_timestamp": 1684830642, "_runtime": 699, "_step": 473, "1 fold train": {"loss": 0.14224058176789964}, "1 fold val": {"loss": 0.8256069272756577}, "1 fold learning_rate": 0.003542279933802784, "2 fold train": {"loss": 0.18398270330258779}, "2 fold val": {"loss": 0.556186243891716}, "2 fold learning_rate": 0.0027452849177591505, "3 fold train": {"loss": 0.17619310532297408}, "3 fold val": {"loss": 0.5466702282428741}, "3 fold learning_rate": 0.0026710129459310327, "4 fold train": {"loss": 0.15201816601412638}, "4 fold val": {"loss": 0.6562936455011368}, "4 fold learning_rate": 0.004474476452689618, "_wandb": {"runtime": 702}}