{"0 fold train": {"loss": 0.3677376168114798}, "0 fold val": {"loss": 0.39470505714416504}, "0 fold learning_rate": 6.57123623635342e-08, "_timestamp": 1684657476, "_runtime": 1665, "_step": 1260, "1 fold train": {"loss": 0.3727861727987017}, "1 fold val": {"loss": 0.39700947701931}, "1 fold learning_rate": 5.585458640832835e-07, "2 fold train": {"loss": 0.4605866287435804}, "2 fold val": {"loss": 0.7298672199249268}, "2 fold learning_rate": 0.00011764899999999998, "3 fold train": {"loss": 0.39512589148112703}, "3 fold val": {"loss": 0.4051612615585327}, "3 fold learning_rate": 1.1398895185373134e-06, "4 fold train": {"loss": 0.35256399001394}, "4 fold val": {"loss": 0.39167867600917816}, "4 fold learning_rate": 5.764800999999999e-05, "_wandb": {"runtime": 1667}}