{"0 fold train": {"loss": 0.3033953309059143}, "0 fold val": {"loss": 0.3860156759619713}, "0 fold learning_rate": 0.00011764899999999998, "_timestamp": 1684745557, "_runtime": 1071, "_step": 778, "1 fold train": {"loss": 0.2988466854606356}, "1 fold val": {"loss": 0.38574226945638657}, "1 fold learning_rate": 2.8247524899999994e-05, "2 fold train": {"loss": 0.3393834126847131}, "2 fold val": {"loss": 0.3725508451461792}, "2 fold learning_rate": 4.747561509942998e-06, "3 fold train": {"loss": 0.32498776274068014}, "3 fold val": {"loss": 0.36886807531118393}, "3 fold learning_rate": 9.688901040699997e-06, "4 fold train": {"loss": 0.2822855178798948}, "4 fold val": {"loss": 0.40748849511146545}, "4 fold learning_rate": 4.035360699999999e-05, "_wandb": {"runtime": 1074}}