{"0 fold train": {"loss": 0.13272250390478543}, "0 fold val": {"loss": 0.6533941924571991}, "0 fold learning_rate": 0.0033040377827093007, "_timestamp": 1684836035, "_runtime": 640, "_step": 464, "1 fold train": {"loss": 0.1587554450545992}, "1 fold val": {"loss": 0.7070359885692596}, "1 fold learning_rate": 0.00289416763592735, "2 fold train": {"loss": 0.16717440741402761}, "2 fold val": {"loss": 0.7658250033855438}, "2 fold learning_rate": 0.004610933887344599, "3 fold train": {"loss": 0.1595005350453513}, "3 fold val": {"loss": 0.6981015801429749}, "3 fold learning_rate": 0.004378681272602826, "4 fold train": {"loss": 0.1597716701882226}, "4 fold val": {"loss": 0.5901234447956085}, "4 fold learning_rate": 0.003138884351319075, "_wandb": {"runtime": 642}}