{"0 fold train": {"loss": 0.3211915876184191}, "0 fold val": {"loss": 0.3697233349084854}, "0 fold learning_rate": 2.8247524899999994e-05, "_timestamp": 1684745521, "_runtime": 1016, "_step": 731, "1 fold train": {"loss": 0.3197594944919859}, "1 fold val": {"loss": 0.387276329100132}, "1 fold learning_rate": 1.3841287200999995e-05, "2 fold train": {"loss": 0.3051523970706122}, "2 fold val": {"loss": 0.39034611731767654}, "2 fold learning_rate": 8.235429999999999e-05, "3 fold train": {"loss": 0.28862621315888}, "3 fold val": {"loss": 0.37976178526878357}, "3 fold learning_rate": 4.035360699999999e-05, "4 fold train": {"loss": 0.3186975121498108}, "4 fold val": {"loss": 0.3845704570412636}, "4 fold learning_rate": 4.035360699999999e-05, "_wandb": {"runtime": 1019}}