{"0 fold train": {"loss": 0.532709675175803}, "0 fold val": {"loss": 0.5255102217197418}, "0 fold learning_rate": 1.6284135979104478e-06, "_timestamp": 1684743609, "_runtime": 1558, "_step": 1297, "1 fold train": {"loss": 0.5323776219572339}, "1 fold val": {"loss": 0.5560711026191711}, "1 fold learning_rate": 9.688901040699997e-06, "2 fold train": {"loss": 0.6053119131496975}, "2 fold val": {"loss": 0.5792743116617203}, "2 fold learning_rate": 3.219905755813175e-08, "3 fold train": {"loss": 0.5424982947962624}, "3 fold val": {"loss": 0.5503274351358414}, "3 fold learning_rate": 1.3841287200999995e-05, "4 fold train": {"loss": 0.5271531215735844}, "4 fold val": {"loss": 0.5482623875141144}, "4 fold learning_rate": 4.747561509942998e-06, "_wandb": {"runtime": 1560}}