{"0 fold train": {"loss": 0.33419410245759146}, "0 fold val": {"loss": 0.3722018003463745}, "0 fold learning_rate": 1.1398895185373134e-06, "_timestamp": 1684662831, "_runtime": 1972, "_step": 1490, "1 fold train": {"loss": 0.36138070481164114}, "1 fold val": {"loss": 0.39880402386188507}, "1 fold learning_rate": 1.3410686196639635e-07, "2 fold train": {"loss": 0.3738679715565273}, "2 fold val": {"loss": 0.39764755964279175}, "2 fold learning_rate": 1.6284135979104478e-06, "3 fold train": {"loss": 0.3560307579381125}, "3 fold val": {"loss": 0.3777012228965759}, "3 fold learning_rate": 4.747561509942998e-06, "4 fold train": {"loss": 0.3451993465423584}, "4 fold val": {"loss": 0.3934807777404785}, "4 fold learning_rate": 2.3263051398720685e-06, "_wandb": {"runtime": 1974}}