{"0 fold train": {"loss": 0.3973697977406638}, "0 fold val": {"loss": 0.38895246386528015}, "0 fold learning_rate": 4.747561509942998e-06, "_timestamp": 1684657585, "_runtime": 1771, "_step": 1352, "1 fold train": {"loss": 0.37171173095703125}, "1 fold val": {"loss": 0.40190522372722626}, "1 fold learning_rate": 1.9773267429999995e-05, "2 fold train": {"loss": 0.3518474442618234}, "2 fold val": {"loss": 0.408470943570137}, "2 fold learning_rate": 6.782230728489997e-06, "3 fold train": {"loss": 0.35202164735112873}, "3 fold val": {"loss": 0.3907974064350128}, "3 fold learning_rate": 4.747561509942998e-06, "4 fold train": {"loss": 0.3599961485181536}, "4 fold val": {"loss": 0.38929489254951477}, "4 fold learning_rate": 1.1398895185373134e-06, "_wandb": {"runtime": 1773}}