{"0 fold train": {"loss": 0.33772710817200796}, "0 fold val": {"loss": 0.3743644282221794}, "0 fold learning_rate": 2.3263051398720685e-06, "_timestamp": 1684664853, "_runtime": 1350, "_step": 1024, "1 fold train": {"loss": 0.34496884260858807}, "1 fold val": {"loss": 0.3892448917031288}, "1 fold learning_rate": 5.764800999999999e-05, "2 fold train": {"loss": 0.35904515641076223}, "2 fold val": {"loss": 0.3996991962194443}, "2 fold learning_rate": 7.979226629761193e-07, "3 fold train": {"loss": 0.3396329198564802}, "3 fold val": {"loss": 0.393753319978714}, "3 fold learning_rate": 9.688901040699997e-06, "4 fold train": {"loss": 0.34512612436498913}, "4 fold val": {"loss": 0.3746749013662338}, "4 fold learning_rate": 9.688901040699997e-06, "_wandb": {"runtime": 1352}}