{"0 fold train": {"loss": 0.3512682041951588}, "0 fold val": {"loss": 0.3891473710536957}, "0 fold learning_rate": 1.6284135979104478e-06, "_timestamp": 1684733631, "_runtime": 1352, "_step": 1000, "1 fold train": {"loss": 0.32373335106032236}, "1 fold val": {"loss": 0.4202825501561165}, "1 fold learning_rate": 4.035360699999999e-05, "2 fold train": {"loss": 0.37316763401031494}, "2 fold val": {"loss": 0.4015859439969063}, "2 fold learning_rate": 1.1398895185373134e-06, "3 fold train": {"loss": 0.3505063163382666}, "3 fold val": {"loss": 0.38741275668144226}, "3 fold learning_rate": 2.8247524899999994e-05, "4 fold train": {"loss": 0.35413237128938946}, "4 fold val": {"loss": 0.4049014300107956}, "4 fold learning_rate": 3.323293056960098e-06, "_wandb": {"runtime": 1354}}