{"0 fold train": {"loss": 0.15665871649980545}, "0 fold val": {"loss": 0.756533220410347}, "0 fold learning_rate": 0.004888197319039702, "_timestamp": 1684836051, "_runtime": 667, "_step": 468, "1 fold train": {"loss": 0.13149975665978023}, "1 fold val": {"loss": 0.6798537522554398}, "1 fold learning_rate": 0.0031970167760849, "2 fold train": {"loss": 0.12737474430884635}, "2 fold val": {"loss": 0.8779449015855789}, "2 fold learning_rate": 0.0036843902909442787, "3 fold train": {"loss": 0.1852024719119072}, "3 fold val": {"loss": 0.6522098183631897}, "3 fold learning_rate": 0.005588996466778964, "4 fold train": {"loss": 0.1594945713877678}, "4 fold val": {"loss": 0.5475334674119949}, "4 fold learning_rate": 0.0030393403000824157, "_wandb": {"runtime": 670}}