{"0 fold train": {"loss": 0.251001381448337}, "0 fold val": {"loss": 0.6600683033466339}, "0 fold learning_rate": 0.0032622499056808654, "_timestamp": 1684764289, "_runtime": 666, "_step": 474, "1 fold train": {"loss": 0.27697108685970306}, "1 fold val": {"loss": 1.1417995393276215}, "1 fold learning_rate": 0.007685939096467197, "2 fold train": {"loss": 0.2480941808649472}, "2 fold val": {"loss": 1.5391948521137238}, "2 fold learning_rate": 0.0030345433662407103, "3 fold train": {"loss": 0.25502035341092516}, "3 fold val": {"loss": 0.5329920053482056}, "3 fold learning_rate": 0.003263416207904369, "4 fold train": {"loss": 0.257862813770771}, "4 fold val": {"loss": 0.5415986329317093}, "4 fold learning_rate": 0.004951132936072349, "_wandb": {"runtime": 669}}