{"0 fold train": {"loss": 0.38700416897024426}, "0 fold val": {"loss": 0.4028826728463173}, "0 fold learning_rate": 4.747561509942998e-06, "_timestamp": 1684395450.333995, "_runtime": 1407.48242020607, "_step": 1090, "1 fold train": {"loss": 0.3756558299064636}, "1 fold val": {"loss": 0.4218258485198021}, "1 fold learning_rate": 4.035360699999999e-05, "2 fold train": {"loss": 0.382042190858296}, "2 fold val": {"loss": 0.4339408501982689}, "2 fold learning_rate": 1.6284135979104478e-06, "3 fold train": {"loss": 0.37647462104048046}, "3 fold val": {"loss": 0.39098967611789703}, "3 fold learning_rate": 2.3263051398720685e-06, "4 fold train": {"loss": 0.36161988973617554}, "4 fold val": {"loss": 0.4032353386282921}, "4 fold learning_rate": 1.9773267429999995e-05, "_wandb": {"runtime": 1408}}