{"0 fold train": {"loss": 0.26051268513713566}, "0 fold val": {"loss": 0.42508284747600555}, "0 fold learning_rate": 0.0025823971480187034, "_timestamp": 1684747001, "_runtime": 689, "_step": 497, "1 fold train": {"loss": 0.2543823623231479}, "1 fold val": {"loss": 0.4220161512494087}, "1 fold learning_rate": 0.0022669469669092447, "2 fold train": {"loss": 0.26905060346637455}, "2 fold val": {"loss": 0.48002178221940994}, "2 fold learning_rate": 0.0027673799896128478, "3 fold train": {"loss": 0.2609941916806357}, "3 fold val": {"loss": 0.4243186488747597}, "3 fold learning_rate": 0.0020504626405112446, "4 fold train": {"loss": 0.2652533948421478}, "4 fold val": {"loss": 0.40621377527713776}, "4 fold learning_rate": 0.0022096143167197706, "_wandb": {"runtime": 691}}