{"0 fold train": {"loss": 0.3564272416489465}, "0 fold val": {"loss": 1.4088285863399506}, "0 fold learning_rate": 0.007688422797177733, "_timestamp": 1684751552, "_runtime": 709, "_step": 542, "1 fold train": {"loss": 0.34660015787397114}, "1 fold val": {"loss": 0.656867116689682}, "1 fold learning_rate": 0.004241837305691839, "2 fold train": {"loss": 0.25305413880518507}, "2 fold val": {"loss": 0.7113583981990814}, "2 fold learning_rate": 0.0029535439971901476, "3 fold train": {"loss": 0.2863935721772058}, "3 fold val": {"loss": 0.7584909200668335}, "3 fold learning_rate": 0.0029850141153633597, "4 fold train": {"loss": 0.3177735209465027}, "4 fold val": {"loss": 0.7906379997730255}, "4 fold learning_rate": 0.0030122132309198385, "_wandb": {"runtime": 712}}