{"0 fold train": {"loss": 0.3975361500467573}, "0 fold val": {"loss": 0.4355916455388069}, "0 fold learning_rate": 4.035360699999999e-05, "_timestamp": 1684138727.236127, "_runtime": 604.0692279338837, "_step": 659, "1 fold train": {"loss": 0.42268334542001995}, "1 fold val": {"loss": 0.4469219893217087}, "1 fold learning_rate": 5.764800999999999e-05, "2 fold train": {"loss": 0.3904175226177488}, "2 fold val": {"loss": 0.45200640708208084}, "2 fold learning_rate": 5.764800999999999e-05, "3 fold train": {"loss": 0.3909370281866619}, "3 fold val": {"loss": 0.46055929362773895}, "3 fold learning_rate": 0.00024009999999999998, "4 fold train": {"loss": 0.393282060112272}, "4 fold val": {"loss": 0.4404236003756523}, "4 fold learning_rate": 0.00016806999999999998, "_wandb": {"runtime": 604}}