{"0 fold train": {"loss": 0.148227544767516}, "0 fold val": {"loss": 0.862859383225441}, "0 fold learning_rate": 0.003622130881844461, "_timestamp": 1684829437, "_runtime": 754, "_step": 471, "1 fold train": {"loss": 0.15569654000656946}, "1 fold val": {"loss": 0.6252530664205551}, "1 fold learning_rate": 0.0033106162815675147, "2 fold train": {"loss": 0.1583013672913824}, "2 fold val": {"loss": 0.7961848378181458}, "2 fold learning_rate": 0.004135459426753223, "3 fold train": {"loss": 0.15376527181693486}, "3 fold val": {"loss": 2.017287850379944}, "3 fold learning_rate": 0.0031603053758867084, "4 fold train": {"loss": 0.15484092703887395}, "4 fold val": {"loss": 0.6319011449813843}, "4 fold learning_rate": 0.0038570927241161467, "_wandb": {"runtime": 756}}