{"0 fold train": {"loss": 0.3629682830401829}, "0 fold val": {"loss": 0.38577132672071457}, "0 fold learning_rate": 6.782230728489997e-06, "_timestamp": 1684733738, "_runtime": 1457, "_step": 1072, "1 fold train": {"loss": 0.3849097064563206}, "1 fold val": {"loss": 0.41977184265851974}, "1 fold learning_rate": 4.747561509942998e-06, "2 fold train": {"loss": 0.3961927167006901}, "2 fold val": {"loss": 0.431791216135025}, "2 fold learning_rate": 3.9098210485829847e-07, "3 fold train": {"loss": 0.3528508458818708}, "3 fold val": {"loss": 0.3947206661105156}, "3 fold learning_rate": 1.1398895185373134e-06, "4 fold train": {"loss": 0.36205352204186575}, "4 fold val": {"loss": 0.4065484032034874}, "4 fold learning_rate": 1.3841287200999995e-05, "_wandb": {"runtime": 1459}}