{"0 fold train": {"loss": 0.2520733007362911}, "0 fold val": {"loss": 0.4184960573911667}, "0 fold learning_rate": 0.0021685231365159157, "_timestamp": 1684831934, "_runtime": 714, "_step": 498, "1 fold train": {"loss": 0.2990569365876062}, "1 fold val": {"loss": 0.4615695849061012}, "1 fold learning_rate": 0.006648451503965259, "2 fold train": {"loss": 0.24516225499766214}, "2 fold val": {"loss": 0.4612821042537689}, "2 fold learning_rate": 0.0026064815795037895, "3 fold train": {"loss": 0.24593714624643326}, "3 fold val": {"loss": 0.4670720547437668}, "3 fold learning_rate": 0.0022192055022209885, "4 fold train": {"loss": 0.25651295270238605}, "4 fold val": {"loss": 0.47891440987586975}, "4 fold learning_rate": 0.0028179627420514826, "_wandb": {"runtime": 717}}