{"0 fold train": {"loss": 0.19291282551629202}, "0 fold val": {"loss": 2.3566980361938477}, "0 fold learning_rate": 0.010206597297416627, "_timestamp": 1684834795, "_runtime": 754, "_step": 455, "1 fold train": {"loss": 0.14484824772392}, "1 fold val": {"loss": 0.7111125737428665}, "1 fold learning_rate": 0.0032007538009300833, "2 fold train": {"loss": 0.12256758393985885}, "2 fold val": {"loss": 0.7696754485368729}, "2 fold learning_rate": 0.003493887332134694, "3 fold train": {"loss": 0.10845442808100156}, "3 fold val": {"loss": 0.8534812927246094}, "3 fold learning_rate": 0.003928604842225463, "4 fold train": {"loss": 0.10951607940452439}, "4 fold val": {"loss": 0.8374603390693665}, "4 fold learning_rate": 0.0037012168864257633, "_wandb": {"runtime": 757}}